,Embayment,Type 1,Lm,Lb,C,LmLog,LbLog,CLog
0,Tamiahua Lagoon,Barrier Estuary,135,20346,0.006635211,4.90527477843843,9.920639611353694,-5.015364810648598
1,Lagoon of Caratasca,Barrier Estuary,562,50805,0.011061903,6.331501849893691,10.835750053919982,-4.504248236206006
2,Lake Illawarra ,Barrier Estuary,414,8609,0.048089209,6.025865973825314,9.060563446657955,-3.0346974721538964
3,Pensacola Bay,Barrier Estuary,1613,31981,0.050436196,7.385851078125209,10.372897255442528,-2.987046187065614
4,San Diego Bay,Barrier Estuary,1422,17172,0.082809224,7.259819610363186,9.751035429344451,-2.4912158228293664
5,Términos Lagoon,Barrier Estuary,6660,72785,0.09150237,8.803874763534434,11.19526516899876,-2.3913904053967587
6,Ojo de Libre Lagoon,Barrier Estuary,3694,23733,0.155648253,8.214465160759186,10.074621763689507,-1.8601566060572836
7,Grays Harbour,Barrier Estuary,3380,20147,0.167766913,8.125630988477065,9.91081067291591,-1.785179685559851
8,Willapa Bay,Barrier Estuary,6984,40235,0.173580216,8.851377097519439,10.602492542580233,-1.751115446383819
9,Galveston Bay,Barrier Estuary,8371,38319,0.218455596,9.032528630660057,10.553701135710886,-1.5211725070668378
10,Tampa Bay,Barrier Estuary,10781,34000,0.317088235,9.285540604539118,10.4341158035983,-1.1485751999867382
11,Columbia River Estuary,Barrier Estuary,5263,12263,0.4291772,8.56845648535378,9.414341877762027,-0.8458853917242266
12,Abermarle Sound,Barrier Estuary,12205,23019,0.530214171,9.40960098282706,10.044075240845775,-0.6344742578344457
13,Saint Ignacio Lagoon,Barrier Estuary,3848,6794,0.566382102,8.255308811785596,8.82379514872053,-0.5684863366781753
14,Mobile Bay,Barrier Estuary,15797,18390,0.858999456,9.667575327569097,9.819562317598367,-0.15198699029261067
15,Gulf of Dulce,Coastal Plain,14581,27877,0.523047674,9.587474590316285,10.235557255067516,-0.6480826641958505
16,Reloncavi Sound,Fjord,11034,39311,0.280684796,9.308736693832376,10.579259656911983,-1.270522961669783
17,Yakutat Bay,Fjord,28042,26862,1.043928226,10.241458665281076,10.19846792746902,0.04299073805497768
18,San Francisco Bay,LSE,1688,83811,0.020140554,7.431299675155903,11.336319542772157,-3.905019884622179
19,Lake Maracaibo,LSE,7043,120752,0.058326156,8.85978949474541,11.70149413452465,-2.8417046412967744
20,Guanabara Bay,LSE,1690,26707,0.06327929,7.432483807917119,10.192680982311837,-2.7601971755603985
21,Port Phillip Bay,LSE,3472,51901,0.066896592,8.15248607578024,10.857093336791094,-2.7046072548495625
22,Waikare Inlet,LSE,482,6437,0.074879602,6.1779441140506,8.769817872052617,-2.5918737619978662
23,Kawhia Harbour,LSE,986,12339,0.079909231,6.893656354602635,9.420520256898534,-2.526863900968312
24,Manukau Harbour,LSE,1923,23754,0.080954787,7.56164174558878,10.075506216334185,-2.5138644653382296
25,Corner Inlet,LSE,2122,25119,0.084477885,7.660114319173928,10.131379810872541,-2.471265494848943
26,Tauranga Harbour,LSE,1257,14628,0.085931091,7.136483208590247,9.590692779269272,-2.4542095713568286
27,Raglan Harbour,LSE,612,6946,0.088108264,6.416732282512326,8.845921233304018,-2.42918894794202
28,Whanganui Inlet,LSE,1129,12255,0.092125663,7.029087564149662,9.413689295962213,-2.384601731754978
29,Aotea Harbour,LSE,704,6804,0.103468548,6.556778356158042,8.825265953515752,-2.2684875965168008
30,St George Basin,LSE,1904,17072,0.111527648,7.55171221535131,9.745194973541535,-2.1934827546944256
31,Awarua Bay,LSE,666,5575,0.119461883,6.501289670540389,8.62604759632832,-2.124757929203846
32,Bahia de Muertos,LSE,1281,10471,0.122337886,7.155396301896734,9.256364810287462,-2.1009685050292912
33,Kaipara Harbour,LSE,7196,58071,0.123917274,8.881280595070423,10.969421678813655,-2.0881410811787515
34,Passamaquoddy Bay,LSE,2781,18911,0.147057268,7.930565854233965,9.847499042327273,-1.9169331898380042
35,Minas Basin,LSE,4719,30900,0.152718447,8.459352191726387,10.338511462885837,-1.8791592685529648
36,Rangaunu Harbour,LSE,1541,9410,0.163761955,7.340186835320115,9.149528232579426,-1.8093413994981156
37,San Jose Bay,LSE,12688,65324,0.194231829,9.448411943874628,11.087114782196634,-1.638702838511475
38,Waitamata Harbour,LSE,1775,8093,0.219325343,7.4815557019095165,8.998754769495703,-1.5171990670797069
39,Jervis Bay,LSE,3551,16171,0.219590625,8.174984532943087,9.690974793577944,-1.5159902615148897
40,Cobscook Bay,LSE,3330,14559,0.2287245,8.110727582974489,9.585964638073326,-1.4752370564501878
41,Wellington Harbour,LSE,2693,11533,0.233503858,7.898411092811599,9.35296777022594,-1.4545566795257396
42,New Gulf,LSE,16370,67664,0.241930716,9.70320567036518,11.122309559712269,-1.419103891337071
43,Paterson Inlet,LSE,1529,6222,0.245740919,7.332369205929062,8.735846677457582,-1.403477472824792
44,All Saints Bay,LSE,9205,34902,0.263738468,9.127502093667179,10.460299413138817,-1.3327973183704975
45,Western Port Bay,LSE,7690,23135,0.332396801,8.94767606249969,10.0491019013411,-1.101425839994206
46,Conception Bay,LSE,3860,9676,0.398925176,8.258422462458876,9.177403871729918,-0.9189814085000569
48,San Jose Gulf,LSE,7098,48613,0.146010326,8.867568333206442,10.791646263831526,-1.924077933747371
49,Cariaco Gulf,LSE,5634,14027,0.401653953,8.636574948436317,9.54873932271967,-0.9121643745085931
50,Delaware Bay,Macrotidal,18734,47147,0.39735296,9.838095333769076,10.761025659314114,-0.9229303252717382
51,Bay of São Marcos,Macrotidal,12822,24959,0.513722505,9.458917724547202,10.124989757578213,-0.6660720328520203
52,North Bay,Macrotidal,12785,24255,0.527107813,9.456027887725288,10.096378060679317,-0.640350172616525
53,Chignecto Bay,Macrotidal,9997,17512,0.570865692,9.210040326967182,9.7706416392027,-0.560601312405169
54,King Sound,Macrotidal,38397,56835,0.675587226,10.555734610523901,10.947907612120812,-0.3921730018648991
55,Montijo Bay,Macrotidal,12943,15653,0.826870249,9.468310380442437,9.658417870888224,-0.1901074898588266
56,Cambridge Gulf,Macrotidal,18212,21209,0.858692065,9.809835996454673,9.962180898875346,-0.15234490205909895
57,Spencer Gulf,Macrotidal,80096,85736,0.934216665,11.2909811942315,11.359028086392833,-0.068046892280689
58,Saint Vincent Gulf,Macrotidal,58870,56996,1.0328795,10.983086902022308,10.95073636891568,0.03235053280086912
59,Gulf of Guayaquil,Macrotidal,31957,26263,1.216806915,10.37214652814023,10.175916383525095,0.19623014488565427
60,Gulf of Nicoya,Macrotidal,30602,18906,1.618639585,10.328820645281759,9.84723461098533,0.4815860341006903
61,Shoalwater Bay,Macrotidal,27876,14032,1.986602052,10.23552138255841,9.549095714611964,0.6864256677191529
62,Broad Sound,Macrotidal,28104,10771,2.609228484,10.243667193945663,9.28461261635077,0.9590545776363103
63,Arnhem Bay,Open,14181,45471,0.311869103,9.559658319461347,10.724830039099766,-1.1651717208715495
64,Gulf of Fonseca,Open,32011,71729,0.446276959,10.373834872713369,11.180650407855032,-0.8068155353881094
65,Blue Mud Bay,Open,45938,89765,0.51175848,10.7350479402497,11.404950423304928,-0.6699024839869199
66,Doubtless Bay,Open,10825,17717,0.610995089,9.28961355287069,9.782279909600437,-0.49266635748605164
67,East Boyd Bay,Open,5092,6679,0.762389579,8.535425959677298,8.806723554725636,-0.27129759541342124
68,Frith of Thames,Open,16516,21660,0.762511542,9.71208488700598,9.983222520554982,-0.27113763356595394
69,Hawke Bay,Open,78312,97958,0.79944466,11.268456126941267,11.492294094361155,-0.2238379673652359
70,Wainui Bay,Open,3549,4387,0.80898108,8.174421152646497,8.386400901166214,-0.2119797490945273
71,Monterey Bay,Open,35177,42076,0.836034794,10.468147738930524,10.647232785859165,-0.17908504714628276
72,Tewaenae Bay,Open,26762,30936,0.865076287,10.194738249864933,10.339675833287133,-0.14493758287545344
73,All Saints Bay,Open,14080,15919,0.884477668,9.552510629712033,9.675268643355135,-0.1227580138638411
74,Gulf of Arauco,Open,38122,40801,0.934339845,10.548546822289019,10.616461869895815,-0.06791504719115682
75,Bay of Ilha Grande,Open,22762,23850,0.954381551,10.032847757841836,10.079539496316487,-0.0466917388546715
76,Takou Bay,Open,8375,8632,0.970227062,9.033006356693267,9.06323150693797,-0.030225150342136266
77,Santa Monica Bay,Open,43216,43232,0.999629904,10.673966076032396,10.674336240759926,-0.00037016450242682077
78,Princess Charlotte Bay,Open,50283,48317,1.040689612,10.825422326795367,10.78553874458856,0.039883581868801164
79,Moreno Bay,Open,19614,18783,1.044242134,9.883998875952265,9.84070748441342,0.043291391687820806
80,Banderas Bay,Open,29266,27785,1.053302141,10.284181711652371,10.232251585714021,0.05193012551755479
81,Sechura Bay,Open,51831,48446,1.06987161,10.855743704842892,10.788205054571177,0.06753865062015481
82,Pegasus Bay,Open,65163,57563,1.132029255,11.084647102171804,10.960635279170578,0.12401182308662602
83,Disaster Bay,Open,7072,6226,1.135881786,8.863898604317479,8.736489351001554,0.1274092532644552
84,Cleveland Bay,Open,24983,21382,1.168412684,10.125950872545474,9.970304725573445,0.15564614734380125
85,Estero Bay,Open,18248,15595,1.170118628,9.811810763964225,9.654705629041903,0.15710513512289023
86,Mejillones Bay,Open,16346,13495,1.211263431,9.701738498076075,9.510074525452104,0.19166397270625302
87,San Pedro Bay,Open,25742,18590,1.384722969,10.155879178209323,9.83037908071549,0.3255000972494856
88,Halifax Bay,Open,75243,52692,1.427977682,11.228478155028377,10.872218920349718,0.3562592349437203
89,Bay of Amatique,Open,23507,45100,0.521219512,10.065053528117518,10.71663752549077,-0.651583997747608
90,Lake Macquarie,Ria,444,14146,0.031386965,6.095824562432225,9.557187177595935,-3.4613625996456925
91,Sydney Harbour,Ria,1472,9023,0.163138646,7.294377299288821,9.107532151994501,-1.813154850764103
92,Broken Bay,Ria,3760,14516,0.259024525,8.23217423638394,9.583006768332961,-1.3508325306458293
93,Mangonui Inlet,Ria,1019,3493,0.29172631,6.926577033222725,8.158516244806831,-1.2319392107695832
94,Kerikeri Inlet,Ria,1261,2605,0.484069098,7.13966033596492,7.865187954187467,-0.7255276179925716
95,Buzzards Bay,Ria,12840,14978,0.857257311,9.460320577243952,9.614337736809313,-0.15401715924152842
96,Bay of Paranaguá,Tidal Inlet,4991,24699,0.202072958,8.515391569469609,10.114518035966535,-1.5991264685722621
97,Parengarenga Harbour,Tidal Inlet,858,3159,0.271604938,6.754604099487962,8.058010800802085,-1.303406702314123
98,Bay of Malaga,Tidal Inlet,2788,8050,0.346335404,7.933079771880415,8.99342737041261,-1.0603475977430983
99,Gulf of Tumaco,Tidal Inlet,19813,24194,0.818922047,9.89409356689426,10.093859947519794,-0.19976638036721933
100,Batemans Bay,Tidal Inlet,6166,6325,0.97486166,8.726805608446096,8.752265313595721,-0.025459705230715203
101,Whangaroa Harbour,,290,3794,0.076436479,5.66988092298052,8.24117615049496,-2.571295222942026
102,Chiriqui Lagoon,,17635,58136,0.303340443,9.777640842670152,10.970540372296472,-1.192899529952489
103,Merrimbula Bay,,4392,5826,0.753861998,8.387539983189367,8.67008593751938,-0.2825459542507784
104,Shark Bay,,39962,47989,0.832732501,10.595684281560079,10.778727096960669,-0.18304281563859157
105,Golden Bay ,,34481,34214,1.007803823,10.448163726677256,10.440390196012237,0.007773530668556779
106,Exmouth Gulf,,47413,38438,1.233492898,10.766651731683705,10.55680183259435,0.20984989937037496
107,Tasman Bay,,35691,27603,1.293011629,10.482653835144635,10.22567974145047,0.2569740935621147
108,Bay of Marajó,,59760,29500,2.025762712,10.9980918198067,10.292145542327912,0.7059462775457221
